ProteinName_PREMIDID,Peptide_PREMIDID,Status_PREMIDID
sp|P07996|TSP1_HUMAN,GGVNDNFQGVLQNVR,bon
sp|P07996|TSP1_HUMAN,FVFGTTPEDILR,bon
sp|P02751|FINC_HUMAN,VDVIPVNLPGEHGQR,bon
sp|P02751|FINC_HUMAN,STTPDITGYR,bon
sp|P02751|FINC_HUMAN,SYTITGLQPGTDYK,bon
sp|P02751|FINC_HUMAN,IYLYTLNDNAR,bon
sp|P04114|APOB_HUMAN,TGISPLALIK,bon
sp|P04114|APOB_HUMAN,SVSLPSLDPASAK,bon
sp|P04114|APOB_HUMAN,TEVIPPLIENR,bon
sp|P06727|APOA4_HUMAN,LGEVNTYAGDLQK,bon
sp|P06727|APOA4_HUMAN,LVPFATELHER,bon
sp|P06727|APOA4_HUMAN,LTPYADEFK,bon
sp|P00738|HPT_HUMAN,TEGDGVYTLNNEK,mauvais
sp|P00738|HPT_HUMAN,VGYVSGWGR,bon
sp|P00738|HPT_HUMAN,VTSIQDWVQK,bon
sp|Q96KN2|CNDP1_HUMAN,ALEQDLPVNIK,bon
sp|Q96KN2|CNDP1_HUMAN,AIHLDLEEYR,bon
sp|P02750|A2GL_HUMAN,ALGHLDLSGNR,mauvais
sp|P02750|A2GL_HUMAN,DLLLPQPDLR,bon
sp|P02750|A2GL_HUMAN,YLFLNGNK,bon
sp|P02750|A2GL_HUMAN,GQTLLAVAK,bon
sp|P02765|FETUA_HUMAN,EHAVEGDCDFQLLK,bon
sp|P02765|FETUA_HUMAN,FSVVYAK,bon
sp|P04278|SHBG_HUMAN,IALGGLLFPASNLR,mauvais
sp|P04278|SHBG_HUMAN,LPLVPALDGCLR,bon
sp|P04278|SHBG_HUMAN,QAEISASAPTSLR,bon
sp|P01591|IGJ_HUMAN,SSEDPNEDIVER,mauvais
sp|P01591|IGJ_HUMAN,IIVPLNNR,bon
sp|P01591|IGJ_HUMAN,FVYHLSDLCK,bon
sp|P01591|IGJ_HUMAN,CYTAVVPLVYGGETK,bon
sp|Q06033|ITIH3_HUMAN,EVSFDVELPK,bon
sp|Q06033|ITIH3_HUMAN,EHLVQATPENLQEAR,mauvais
sp|Q06033|ITIH3_HUMAN,DYIFGNYIER,bon
sp|P02647|APOA1_HUMAN,VQPYLDDFQK,bon
sp|P02647|APOA1_HUMAN,THLAPYSDELR,bon
sp|P02647|APOA1_HUMAN,QGLLPVLESFK,bon
sp|P02647|APOA1_HUMAN,VSFLSALEEYTK,bon
sp|P02748|CO9_HUMAN,VVEESELAR,mauvais
sp|P02748|CO9_HUMAN,TEHYEEQIEAFK,bon
sp|P02748|CO9_HUMAN,LSPIYNLVPVK,bon
sp|P01031|CO5_HUMAN,IPLDLVPK,bon
sp|P01031|CO5_HUMAN,DINYVNPVIK,bon
sp|P01011|AACT_HUMAN,LYGSEAFATDFQDSAAAK,bon
sp|P01011|AACT_HUMAN,EIGELYLPK,bon
sp|P01011|AACT_HUMAN,ITLLSALVETR,mauvais
sp|P11226|MBL2_HUMAN,WLTFSLGK,mauvais
sp|P11226|MBL2_HUMAN,FQASVATPR,bon
sp|P11226|MBL2_HUMAN,TEGQFVDLTGNR,bon
sp|P10643|CO7_HUMAN,LSGNVLSYTFQVK,mauvais
sp|P10643|CO7_HUMAN,ELSHLPSLYDYSAYR,bon
sp|P10643|CO7_HUMAN,VLFYVDSEK,bon
sp|P10643|CO7_HUMAN,LTPLYELVK,bon
sp|P02655|APOC2_HUMAN,ESLSSYWESAK,bon
sp|P02655|APOC2_HUMAN,TYLPAVDEK,bon
sp|P02656|APOC3_HUMAN,DALSSVQESQVAQQAR,mauvais
sp|P02656|APOC3_HUMAN,GWVTDGFSSLK,bon
sp|P02656|APOC3_HUMAN,DYWSTVK,bon
sp|P02749|APOH_HUMAN,VCPFAGILENGAVR,mauvais
sp|P02749|APOH_HUMAN,ATFGCHDGYSLDGPEEIECTK,bon
sp|P02749|APOH_HUMAN,CSYTEDAQCIDGTIEVPK,bon
sp|P02749|APOH_HUMAN,EHSSLAFWK,mauvais
sp|P20851|C4BPB_HUMAN,ALLAFQESK,bon
sp|P20851|C4BPB_HUMAN,ESGMTMEELK,bon
sp|P00450|CERU_HUMAN,ALYLQYTDETFR,bon
sp|P00450|CERU_HUMAN,EYTDASFTNR,mauvais
sp|P00450|CERU_HUMAN,GAYPLSIEPIGVR,bon
sp|P00450|CERU_HUMAN,EVGPTNADPVCLAK,mauvais
sp|P07360|CO8G_HUMAN,LDGICWQVR,bon
sp|P07360|CO8G_HUMAN,QLYGDTGVLGR,mauvais
sp|P07360|CO8G_HUMAN,SLPVSDSVLSGFEQR,bon
sp|P07360|CO8G_HUMAN,VQEAHLTEDQIFYFPK,mauvais
sp|P06396|GELS_HUMAN,HVVPNEVVVQR,mauvais
sp|P06396|GELS_HUMAN,SEDCFILDHGK,bon
sp|P06396|GELS_HUMAN,QTQVSVLPEGGETPLFK,bon
sp|P06396|GELS_HUMAN,AGALNSNDAFVLK,bon
sp|P05546|HEP2_HUMAN,YEITTIHNLFR,mauvais
sp|P05546|HEP2_HUMAN,SVNDLYIQK,bon
sp|P05546|HEP2_HUMAN,QFPILLDFK,bon
sp|P05546|HEP2_HUMAN,NYNLVESLK,bon
sp|P04196|HRG_HUMAN,DGYLFQLLR,bon
sp|P04196|HRG_HUMAN,DSPVLIDFFEDTER,bon
sp|P04196|HRG_HUMAN,GGEGTGYFVDFSVR,bon
sp|P01876|IGHA1_HUMAN,DASGVTFTWTPSSGK,bon
sp|P01876|IGHA1_HUMAN,TFTCTAAYPESK,bon
sp|P01876|IGHA1_HUMAN,TPLTATLSK,bon
sp|P35858|ALS_HUMAN,VAGLLEDTFPGLLGLR,mauvais
sp|P35858|ALS_HUMAN,LEYLLLSR,bon
sp|P35858|ALS_HUMAN,DFALQNPSAVPR,bon
sp|P05155|IC1_HUMAN,TNLESILSYPK,bon
sp|P05155|IC1_HUMAN,GVTSVSQIFHSPDLAIR,mauvais
sp|P05155|IC1_HUMAN,FQPTLLTLPR,bon
sp|P20742|PZP_HUMAN,SLFTDLVAEK,bon
sp|P20742|PZP_HUMAN,TLLVEAEGIEQEK,bon
sp|P20742|PZP_HUMAN,AVGYLITGYQR,bon
sp|P05543|THBG_HUMAN,TEDSSSFLIDK,bon
sp|P05543|THBG_HUMAN,NALALFVLPK,mauvais
sp|P05543|THBG_HUMAN,EGQMESVEAAMSSK,bon
sp|P05543|THBG_HUMAN,GWVDLFVPK,mauvais
