ProteinName_SPARE,Peptide_SPARE,Status_SPARE
sp|P02751|FINC_HUMAN,VDVIPVNLPGEHGQR,bon
sp|P02751|FINC_HUMAN,STTPDITGYR,bon
sp|P02751|FINC_HUMAN,SYTITGLQPGTDYK,bon
sp|P02751|FINC_HUMAN,IYLYTLNDNAR,bon
sp|P04114|APOB_HUMAN,TGISPLALIK,bon
sp|P04114|APOB_HUMAN,SVSLPSLDPASAK,bon
sp|P04114|APOB_HUMAN,TEVIPPLIENR,bon
sp|P06727|APOA4_HUMAN,LGEVNTYAGDLQK,bon
sp|P06727|APOA4_HUMAN,LVPFATELHER,bon
sp|P06727|APOA4_HUMAN,LTPYADEFK,bon
sp|P02741|CRP_HUMAN,ESDTSYVSLK,bon
sp|P02741|CRP_HUMAN,GYSIFSYATK,bon
sp|P00738|HPT_HUMAN,TEGDGVYTLNNEK,mauvais
sp|P00738|HPT_HUMAN,VGYVSGWGR,bon
sp|P00738|HPT_HUMAN,VTSIQDWVQK,bon
sp|Q96KN2|CNDP1_HUMAN,ALEQDLPVNIK,bon
sp|Q96KN2|CNDP1_HUMAN,AIHLDLEEYR,bon
sp|P02750|A2GL_HUMAN,ALGHLDLSGNR,mauvais
sp|P02750|A2GL_HUMAN,DLLLPQPDLR,bon
sp|P02750|A2GL_HUMAN,YLFLNGNK,mauvais
sp|P02750|A2GL_HUMAN,GQTLLAVAK,bon
sp|P29622|KAIN_HUMAN,IAPANADFAFR,mauvais
sp|P29622|KAIN_HUMAN,EIEEVLTPEMLMR,mauvais
sp|P29622|KAIN_HUMAN,LGFTDLFSK,bon
sp|P29622|KAIN_HUMAN,WADLSGITK,bon
sp|P04278|SHBG_HUMAN,IALGGLLFPASNLR,mauvais
sp|P04278|SHBG_HUMAN,LPLVPALDGCLR,bon
sp|P04278|SHBG_HUMAN,QAEISASAPTSLR,bon
sp|P01591|IGJ_HUMAN,SSEDPNEDIVER,mauvais
sp|P01591|IGJ_HUMAN,IIVPLNNR,mauvais
sp|P01591|IGJ_HUMAN,FVYHLSDLCK,bon
sp|P01591|IGJ_HUMAN,CYTAVVPLVYGGETK,bon
sp|Q06033|ITIH3_HUMAN,EVSFDVELPK,bon
sp|Q06033|ITIH3_HUMAN,EHLVQATPENLQEAR,bon
sp|Q06033|ITIH3_HUMAN,DYIFGNYIER,bon
sp|P02647|APOA1_HUMAN,VQPYLDDFQK,mauvais
sp|P02647|APOA1_HUMAN,THLAPYSDELR,mauvais
sp|P02647|APOA1_HUMAN,QGLLPVLESFK,bon
sp|P02647|APOA1_HUMAN,VSFLSALEEYTK,bon
sp|P02748|CO9_HUMAN,VVEESELAR,mauvais
sp|P02748|CO9_HUMAN,TEHYEEQIEAFK,bon
sp|P02748|CO9_HUMAN,LSPIYNLVPVK,bon
sp|P11226|MBL2_HUMAN,WLTFSLGK,mauvais
sp|P11226|MBL2_HUMAN,FQASVATPR,bon
sp|P11226|MBL2_HUMAN,TEGQFVDLTGNR,bon
sp|P10643|CO7_HUMAN,LSGNVLSYTFQVK,mauvais
sp|P10643|CO7_HUMAN,ELSHLPSLYDYSAYR,mauvais
sp|P10643|CO7_HUMAN,VLFYVDSEK,bon
sp|P10643|CO7_HUMAN,LTPLYELVK,bon
sp|P01024|CO3_HUMAN,IPIEDGSGEVVLSR,mauvais
sp|P01024|CO3_HUMAN,VLLDGVQNPR,mauvais
sp|P01024|CO3_HUMAN,TGLQEVEVK,bon
sp|P01024|CO3_HUMAN,GYTQQLAFR,bon
sp|P02655|APOC2_HUMAN,ESLSSYWESAK,bon
sp|P02655|APOC2_HUMAN,TYLPAVDEK,bon
sp|P02656|APOC3_HUMAN,DALSSVQESQVAQQAR,bon
sp|P02656|APOC3_HUMAN,GWVTDGFSSLK,bon
sp|P02656|APOC3_HUMAN,DYWSTVK,bon
sp|O14791|APOL1_HUMAN,VTEPISAESGEQVER,bon
sp|O14791|APOL1_HUMAN,VNEPSILEMSR,bon
sp|O14791|APOL1_HUMAN,LNILNNNYK,mauvais
sp|P02749|APOH_HUMAN,VCPFAGILENGAVR,mauvais
sp|P02749|APOH_HUMAN,ATFGCHDGYSLDGPEEIECTK,bon
sp|P02749|APOH_HUMAN,CSYTEDAQCIDGTIEVPK,bon
sp|P02749|APOH_HUMAN,EHSSLAFWK,mauvais
sp|P20851|C4BPB_HUMAN,ALLAFQESK,bon
sp|P20851|C4BPB_HUMAN,ESGMTMEELK,bon
sp|P22792|CPN2_HUMAN,LSNNALSGLPQGVFGK,bon
sp|P22792|CPN2_HUMAN,AGGSWDLAVQER,bon
sp|P00450|CERU_HUMAN,ALYLQYTDETFR,bon
sp|P00450|CERU_HUMAN,EYTDASFTNR,mauvais
sp|P00450|CERU_HUMAN,GAYPLSIEPIGVR,bon
sp|P00450|CERU_HUMAN,EVGPTNADPVCLAK,bon
sp|P10909|CLUS_HUMAN,ASSIIDELFQDR,bon
sp|P10909|CLUS_HUMAN,EPQDTYHYLPFSLPHR,mauvais
sp|P10909|CLUS_HUMAN,ELDESLQVAER,mauvais
sp|P10909|CLUS_HUMAN,LFDSDPITVTVPVEVSR,bon
sp|P00740|FA9_HUMAN,NCELDVTCNIK,bon
sp|P00740|FA9_HUMAN,VDAFCGGSIVNEK,bon
sp|P00740|FA9_HUMAN,SALVLQYLR,mauvais
sp|P13671|CO6_HUMAN,GEVLDNSFTGGICK,mauvais
sp|P13671|CO6_HUMAN,ALNHLPLEYNSALYSR,bon
sp|P13671|CO6_HUMAN,SEYGAALAWEK,bon
sp|P13671|CO6_HUMAN,TLNICEVGTIR,bon
sp|P07357|CO8A_HUMAN,AIDEDCSQYEPIPGSQK,bon
sp|P07357|CO8A_HUMAN,MESLGITSR,bon
sp|P07357|CO8A_HUMAN,AMAVEDIISR,bon
sp|P07357|CO8A_HUMAN,LGSLGAACEQTQTEGAK,mauvais
sp|P07360|CO8G_HUMAN,LDGICWQVR,bon
sp|P07360|CO8G_HUMAN,QLYGDTGVLGR,bon
sp|P07360|CO8G_HUMAN,SLPVSDSVLSGFEQR,bon
sp|P07360|CO8G_HUMAN,VQEAHLTEDQIFYFPK,bon
sp|P08603|CFAH_HUMAN,SPDVINGSPISQK,mauvais
sp|P08603|CFAH_HUMAN,IDVHLVPDR,mauvais
sp|P08603|CFAH_HUMAN,SSNLIILEEHLK,bon
sp|P08603|CFAH_HUMAN,LSYTCEGGFR,bon
sp|P36980|FHR2_HUMAN,ITCAEEGWSPTPK,bon
sp|P36980|FHR2_HUMAN,LVYPSCEEK,bon
sp|P05156|CFAI_HUMAN,VTYTSQEDLVEK,bon
sp|P05156|CFAI_HUMAN,GLETSLAECTFTK,bon
sp|P05156|CFAI_HUMAN,IVIEYVDR,bon
sp|P05156|CFAI_HUMAN,VFSLQWGEVK,bon
sp|P06396|GELS_HUMAN,HVVPNEVVVQR,bon
sp|P06396|GELS_HUMAN,SEDCFILDHGK,mauvais
sp|P06396|GELS_HUMAN,QTQVSVLPEGGETPLFK,mauvais
sp|P06396|GELS_HUMAN,AGALNSNDAFVLK,bon
sp|P00739|HPTR_HUMAN,VVLHPNYHQVDIGLIK,bon
sp|P00739|HPTR_HUMAN,VGYVSGWGQSDNFK,bon
sp|P00739|HPTR_HUMAN,SPVGVQPILNEHTFCVGMSK,bon
sp|P05546|HEP2_HUMAN,YEITTIHNLFR,bon
sp|P05546|HEP2_HUMAN,SVNDLYIQK,bon
sp|P05546|HEP2_HUMAN,QFPILLDFK,bon
sp|P05546|HEP2_HUMAN,NYNLVESLK,bon
sp|P04196|HRG_HUMAN,DGYLFQLLR,bon
sp|P04196|HRG_HUMAN,DSPVLIDFFEDTER,bon
sp|P04196|HRG_HUMAN,GGEGTGYFVDFSVR,bon
sp|P01876|IGHA1_HUMAN,DASGVTFTWTPSSGK,bon
sp|P01876|IGHA1_HUMAN,TFTCTAAYPESK,bon
sp|P01876|IGHA1_HUMAN,TPLTATLSK,bon
sp|P35858|ALS_HUMAN,VAGLLEDTFPGLLGLR,mauvais
sp|P35858|ALS_HUMAN,LEYLLLSR,bon
sp|P35858|ALS_HUMAN,DFALQNPSAVPR,bon
sp|P19827|ITIH1_HUMAN,QAVDTAVDGVFIR,mauvais
sp|P19827|ITIH1_HUMAN,EVAFDLEIPK,bon
sp|P19827|ITIH1_HUMAN,AAISGENAGLVR,bon
sp|P19827|ITIH1_HUMAN,QYYEGSEIVVAGR,bon
sp|P51884|LUM_HUMAN,SLEDLQLTHNK,mauvais
sp|P51884|LUM_HUMAN,ISNIPDEYFK,bon
sp|P51884|LUM_HUMAN,FNALQYLR,mauvais
sp|P51884|LUM_HUMAN,ILGPLSYSK,bon
sp|P36955|PEDF_HUMAN,LAAAVSNFGYDLYR,bon
sp|P36955|PEDF_HUMAN,ALYYDLISSPDIHGTYK,bon
sp|P36955|PEDF_HUMAN,TVQAVLTVPK,bon
sp|P36955|PEDF_HUMAN,LQSLFDSPDFSK,bon
sp|P05155|IC1_HUMAN,TNLESILSYPK,bon
sp|P05155|IC1_HUMAN,GVTSVSQIFHSPDLAIR,mauvais
sp|P05155|IC1_HUMAN,FQPTLLTLPR,bon
sp|P00747|PLMN_HUMAN,QLGAGSIEECAAK,bon
sp|P00747|PLMN_HUMAN,HSIFTPETNPR,bon
sp|P00747|PLMN_HUMAN,NPDGDVGGPWCYTTNPR,mauvais
sp|P00747|PLMN_HUMAN,EAQLPVIENK,bon
sp|P20742|PZP_HUMAN,SLFTDLVAEK,bon
sp|P20742|PZP_HUMAN,TLLVEAEGIEQEK,bon
sp|P20742|PZP_HUMAN,AVGYLITGYQR,bon
sp|P02787|TRFE_HUMAN,HSTIFENLANK,mauvais
sp|P02787|TRFE_HUMAN,EFQLFSSPHGK,bon
sp|P02787|TRFE_HUMAN,DYELLCLDGTR,mauvais
sp|P02787|TRFE_HUMAN,YLGEEYVK,bon
sp|P02743|SAMP_HUMAN,AYSLFSYNTQGR,bon
sp|P02743|SAMP_HUMAN,DNELLVYK,bon
sp|P02743|SAMP_HUMAN,VGEYSLYIGR,bon
sp|P04004|VTNC_HUMAN,GQYCYELDEK,mauvais
sp|P04004|VTNC_HUMAN,FEDGVLDPDYPR,bon
sp|P04004|VTNC_HUMAN,DWHGVPGQVDAAMAGR,bon
sp|P04004|VTNC_HUMAN,SIAQYWLGCPAPGHL,bon
